--------------------------------------------------------
--  File created - วันเสาร์-มีนาคม-28-2569   
--------------------------------------------------------
--------------------------------------------------------
--  DDL for Table ATTENDANT
--------------------------------------------------------

  CREATE TABLE "SYSTEM"."ATTENDANT" 
   (	"ATTENDANCE_ID" VARCHAR2(26 BYTE), 
	"EMPLOYEE_ID" NUMBER(38,0), 
	"SHIFT_ID" VARCHAR2(26 BYTE), 
	"WORK_DATE" DATE, 
	"CLOCK_IN" TIMESTAMP (6), 
	"CLOCK_OUT" TIMESTAMP (6), 
	"WORK_HOURS" NUMBER(38,0), 
	"OT_HOURS" NUMBER(38,0), 
	"IS_NIGHT" NUMBER(38,0)
   ) PCTFREE 10 PCTUSED 40 INITRANS 1 MAXTRANS 255 
 NOCOMPRESS LOGGING
  STORAGE(INITIAL 65536 NEXT 1048576 MINEXTENTS 1 MAXEXTENTS 2147483645
  PCTINCREASE 0 FREELISTS 1 FREELIST GROUPS 1
  BUFFER_POOL DEFAULT FLASH_CACHE DEFAULT CELL_FLASH_CACHE DEFAULT)
  TABLESPACE "SYSTEM" ;
--------------------------------------------------------
--  DDL for Table DEPARTMENT
--------------------------------------------------------

  CREATE TABLE "SYSTEM"."DEPARTMENT" 
   (	"DEPARTMENT_ID" NUMBER(38,0), 
	"DEPARTMENT_NAME" VARCHAR2(26 BYTE), 
	"MANAGER_ID" NUMBER(38,0), 
	"LOCATION" VARCHAR2(26 BYTE), 
	"INTERNAL_PHONE" NUMBER(*,0)
   ) PCTFREE 10 PCTUSED 40 INITRANS 1 MAXTRANS 255 
 NOCOMPRESS LOGGING
  STORAGE(INITIAL 65536 NEXT 1048576 MINEXTENTS 1 MAXEXTENTS 2147483645
  PCTINCREASE 0 FREELISTS 1 FREELIST GROUPS 1
  BUFFER_POOL DEFAULT FLASH_CACHE DEFAULT CELL_FLASH_CACHE DEFAULT)
  TABLESPACE "SYSTEM" ;
--------------------------------------------------------
--  DDL for Table EMPLOYEES
--------------------------------------------------------

  CREATE TABLE "SYSTEM"."EMPLOYEES" 
   (	"EMPLOYEE_ID" NUMBER(38,0), 
	"FIRST_NAME" VARCHAR2(26 BYTE), 
	"LAST_NAME" VARCHAR2(26 BYTE), 
	"BIRTH_DATE" VARCHAR2(26 BYTE), 
	"GENDER" VARCHAR2(26 BYTE), 
	"PHONE" VARCHAR2(26 BYTE), 
	"EMAIL" VARCHAR2(26 BYTE), 
	"HIRE_DATE" VARCHAR2(26 BYTE), 
	"STATUS" VARCHAR2(26 BYTE), 
	"DEPARTMENT_ID" NUMBER(38,0), 
	"POSITION_ID" NUMBER(38,0)
   ) PCTFREE 10 PCTUSED 40 INITRANS 1 MAXTRANS 255 
 NOCOMPRESS LOGGING
  STORAGE(INITIAL 65536 NEXT 1048576 MINEXTENTS 1 MAXEXTENTS 2147483645
  PCTINCREASE 0 FREELISTS 1 FREELIST GROUPS 1
  BUFFER_POOL DEFAULT FLASH_CACHE DEFAULT CELL_FLASH_CACHE DEFAULT)
  TABLESPACE "SYSTEM" ;
--------------------------------------------------------
--  DDL for Table SALARY
--------------------------------------------------------

  CREATE TABLE "SYSTEM"."SALARY" 
   (	"SALARY_ID" VARCHAR2(26 BYTE), 
	"EMPLOYEE_ID" NUMBER(38,0), 
	"SALARY_MONTH" NUMBER(38,0), 
	"SALARY_YEAR" NUMBER(38,0), 
	"BASE_SALARY" NUMBER(38,0), 
	"OT_PAY" NUMBER(38,0), 
	"NIGHT_PAY" NUMBER(38,0), 
	"SERVICE_CHARGE" NUMBER(38,0), 
	"DEDUCTION" NUMBER(38,0), 
	"NET_SALARY" NUMBER(38,0), 
	"PAYMENT_DATE" DATE
   ) PCTFREE 10 PCTUSED 40 INITRANS 1 MAXTRANS 255 
 NOCOMPRESS LOGGING
  STORAGE(INITIAL 65536 NEXT 1048576 MINEXTENTS 1 MAXEXTENTS 2147483645
  PCTINCREASE 0 FREELISTS 1 FREELIST GROUPS 1
  BUFFER_POOL DEFAULT FLASH_CACHE DEFAULT CELL_FLASH_CACHE DEFAULT)
  TABLESPACE "SYSTEM" ;
--------------------------------------------------------
--  DDL for Table SHIFT
--------------------------------------------------------

  CREATE TABLE "SYSTEM"."SHIFT" 
   (	"SHIFT_ID" VARCHAR2(26 BYTE), 
	"SHIFT_NAME" VARCHAR2(26 BYTE), 
	"START_TIME" VARCHAR2(26 BYTE), 
	"END_TIME" VARCHAR2(26 BYTE), 
	"IS_NIGHT" NUMBER(38,0)
   ) PCTFREE 10 PCTUSED 40 INITRANS 1 MAXTRANS 255 
 NOCOMPRESS LOGGING
  STORAGE(INITIAL 65536 NEXT 1048576 MINEXTENTS 1 MAXEXTENTS 2147483645
  PCTINCREASE 0 FREELISTS 1 FREELIST GROUPS 1
  BUFFER_POOL DEFAULT FLASH_CACHE DEFAULT CELL_FLASH_CACHE DEFAULT)
  TABLESPACE "SYSTEM" ;
--------------------------------------------------------
--  DDL for Table SALARYDETAIL
--------------------------------------------------------

  CREATE TABLE "SYSTEM"."SALARYDETAIL" 
   (	"DETAIL_ID" VARCHAR2(26 BYTE), 
	"SALARY_ID" VARCHAR2(26 BYTE), 
	"DETAIL_TYPE" VARCHAR2(26 BYTE), 
	"AMOUNT" NUMBER(38,0)
   ) PCTFREE 10 PCTUSED 40 INITRANS 1 MAXTRANS 255 
 NOCOMPRESS LOGGING
  STORAGE(INITIAL 65536 NEXT 1048576 MINEXTENTS 1 MAXEXTENTS 2147483645
  PCTINCREASE 0 FREELISTS 1 FREELIST GROUPS 1
  BUFFER_POOL DEFAULT FLASH_CACHE DEFAULT CELL_FLASH_CACHE DEFAULT)
  TABLESPACE "SYSTEM" ;
--------------------------------------------------------
--  DDL for Table POSTTION
--------------------------------------------------------

  CREATE TABLE "SYSTEM"."POSTTION" 
   (	"POSITION_ID" VARCHAR2(26 BYTE), 
	"POSITION_NAME" VARCHAR2(26 BYTE), 
	"MIN_SALARY" NUMBER(38,0), 
	"MAX_SALARY" NUMBER(38,0), 
	"SHIFT_TYPE" VARCHAR2(26 BYTE)
   ) PCTFREE 10 PCTUSED 40 INITRANS 1 MAXTRANS 255 
 NOCOMPRESS LOGGING
  STORAGE(INITIAL 65536 NEXT 1048576 MINEXTENTS 1 MAXEXTENTS 2147483645
  PCTINCREASE 0 FREELISTS 1 FREELIST GROUPS 1
  BUFFER_POOL DEFAULT FLASH_CACHE DEFAULT CELL_FLASH_CACHE DEFAULT)
  TABLESPACE "SYSTEM" ;
REM INSERTING into SYSTEM.ATTENDANT
SET DEFINE OFF;
Insert into SYSTEM.ATTENDANT (ATTENDANCE_ID,EMPLOYEE_ID,SHIFT_ID,WORK_DATE,CLOCK_IN,CLOCK_OUT,WORK_HOURS,OT_HOURS,IS_NIGHT) values ('3',101,'1',to_date('02-OCT-23','DD-MON-RR'),to_timestamp('02-OCT-23 06.55.00.000000000 AM','DD-MON-RR HH.MI.SSXFF AM'),to_timestamp('02-OCT-23 03.05.00.000000000 PM','DD-MON-RR HH.MI.SSXFF AM'),8,0,0);
Insert into SYSTEM.ATTENDANT (ATTENDANCE_ID,EMPLOYEE_ID,SHIFT_ID,WORK_DATE,CLOCK_IN,CLOCK_OUT,WORK_HOURS,OT_HOURS,IS_NIGHT) values ('4',102,'1',to_date('02-OCT-23','DD-MON-RR'),to_timestamp('02-OCT-23 06.50.00.000000000 AM','DD-MON-RR HH.MI.SSXFF AM'),to_timestamp('02-OCT-23 03.00.00.000000000 PM','DD-MON-RR HH.MI.SSXFF AM'),8,0,0);
Insert into SYSTEM.ATTENDANT (ATTENDANCE_ID,EMPLOYEE_ID,SHIFT_ID,WORK_DATE,CLOCK_IN,CLOCK_OUT,WORK_HOURS,OT_HOURS,IS_NIGHT) values ('5',103,'1',to_date('02-OCT-23','DD-MON-RR'),to_timestamp('02-OCT-23 07.05.00.000000000 AM','DD-MON-RR HH.MI.SSXFF AM'),to_timestamp('02-OCT-23 04.00.00.000000000 PM','DD-MON-RR HH.MI.SSXFF AM'),8,1,0);
Insert into SYSTEM.ATTENDANT (ATTENDANCE_ID,EMPLOYEE_ID,SHIFT_ID,WORK_DATE,CLOCK_IN,CLOCK_OUT,WORK_HOURS,OT_HOURS,IS_NIGHT) values ('6',104,'1',to_date('02-OCT-23','DD-MON-RR'),to_timestamp('02-OCT-23 06.58.00.000000000 AM','DD-MON-RR HH.MI.SSXFF AM'),to_timestamp('02-OCT-23 03.02.00.000000000 PM','DD-MON-RR HH.MI.SSXFF AM'),8,0,0);
Insert into SYSTEM.ATTENDANT (ATTENDANCE_ID,EMPLOYEE_ID,SHIFT_ID,WORK_DATE,CLOCK_IN,CLOCK_OUT,WORK_HOURS,OT_HOURS,IS_NIGHT) values ('7',106,'2',to_date('02-OCT-23','DD-MON-RR'),to_timestamp('02-OCT-23 02.50.00.000000000 PM','DD-MON-RR HH.MI.SSXFF AM'),to_timestamp('02-OCT-23 11.10.00.000000000 PM','DD-MON-RR HH.MI.SSXFF AM'),8,0,0);
Insert into SYSTEM.ATTENDANT (ATTENDANCE_ID,EMPLOYEE_ID,SHIFT_ID,WORK_DATE,CLOCK_IN,CLOCK_OUT,WORK_HOURS,OT_HOURS,IS_NIGHT) values ('8',113,'2',to_date('02-OCT-23','DD-MON-RR'),to_timestamp('02-OCT-23 02.55.00.000000000 PM','DD-MON-RR HH.MI.SSXFF AM'),to_timestamp('02-OCT-23 11.05.00.000000000 PM','DD-MON-RR HH.MI.SSXFF AM'),8,0,0);
Insert into SYSTEM.ATTENDANT (ATTENDANCE_ID,EMPLOYEE_ID,SHIFT_ID,WORK_DATE,CLOCK_IN,CLOCK_OUT,WORK_HOURS,OT_HOURS,IS_NIGHT) values ('9',120,'2',to_date('02-OCT-23','DD-MON-RR'),to_timestamp('02-OCT-23 02.45.00.000000000 PM','DD-MON-RR HH.MI.SSXFF AM'),to_timestamp('02-OCT-23 11.00.00.000000000 PM','DD-MON-RR HH.MI.SSXFF AM'),8,0,0);
Insert into SYSTEM.ATTENDANT (ATTENDANCE_ID,EMPLOYEE_ID,SHIFT_ID,WORK_DATE,CLOCK_IN,CLOCK_OUT,WORK_HOURS,OT_HOURS,IS_NIGHT) values ('10',127,'2',to_date('02-OCT-23','DD-MON-RR'),to_timestamp('02-OCT-23 03.00.00.000000000 PM','DD-MON-RR HH.MI.SSXFF AM'),to_timestamp('03-OCT-23 12.00.00.000000000 AM','DD-MON-RR HH.MI.SSXFF AM'),8,1,0);
Insert into SYSTEM.ATTENDANT (ATTENDANCE_ID,EMPLOYEE_ID,SHIFT_ID,WORK_DATE,CLOCK_IN,CLOCK_OUT,WORK_HOURS,OT_HOURS,IS_NIGHT) values ('11',105,'3',to_date('02-OCT-23','DD-MON-RR'),to_timestamp('02-OCT-23 10.50.00.000000000 PM','DD-MON-RR HH.MI.SSXFF AM'),to_timestamp('03-OCT-23 07.05.00.000000000 AM','DD-MON-RR HH.MI.SSXFF AM'),8,0,1);
Insert into SYSTEM.ATTENDANT (ATTENDANCE_ID,EMPLOYEE_ID,SHIFT_ID,WORK_DATE,CLOCK_IN,CLOCK_OUT,WORK_HOURS,OT_HOURS,IS_NIGHT) values ('12',134,'3',to_date('02-OCT-23','DD-MON-RR'),to_timestamp('02-OCT-23 10.55.00.000000000 PM','DD-MON-RR HH.MI.SSXFF AM'),to_timestamp('03-OCT-23 07.15.00.000000000 AM','DD-MON-RR HH.MI.SSXFF AM'),8,0,1);
Insert into SYSTEM.ATTENDANT (ATTENDANCE_ID,EMPLOYEE_ID,SHIFT_ID,WORK_DATE,CLOCK_IN,CLOCK_OUT,WORK_HOURS,OT_HOURS,IS_NIGHT) values ('13',101,'1',to_date('03-OCT-23','DD-MON-RR'),to_timestamp('03-OCT-23 06.50.00.000000000 AM','DD-MON-RR HH.MI.SSXFF AM'),to_timestamp('03-OCT-23 03.00.00.000000000 PM','DD-MON-RR HH.MI.SSXFF AM'),8,0,0);
Insert into SYSTEM.ATTENDANT (ATTENDANCE_ID,EMPLOYEE_ID,SHIFT_ID,WORK_DATE,CLOCK_IN,CLOCK_OUT,WORK_HOURS,OT_HOURS,IS_NIGHT) values ('14',102,'1',to_date('03-OCT-23','DD-MON-RR'),to_timestamp('03-OCT-23 06.55.00.000000000 AM','DD-MON-RR HH.MI.SSXFF AM'),to_timestamp('03-OCT-23 03.10.00.000000000 PM','DD-MON-RR HH.MI.SSXFF AM'),8,0,0);
Insert into SYSTEM.ATTENDANT (ATTENDANCE_ID,EMPLOYEE_ID,SHIFT_ID,WORK_DATE,CLOCK_IN,CLOCK_OUT,WORK_HOURS,OT_HOURS,IS_NIGHT) values ('15',103,'1',to_date('03-OCT-23','DD-MON-RR'),to_timestamp('03-OCT-23 06.58.00.000000000 AM','DD-MON-RR HH.MI.SSXFF AM'),to_timestamp('03-OCT-23 03.05.00.000000000 PM','DD-MON-RR HH.MI.SSXFF AM'),8,0,0);
Insert into SYSTEM.ATTENDANT (ATTENDANCE_ID,EMPLOYEE_ID,SHIFT_ID,WORK_DATE,CLOCK_IN,CLOCK_OUT,WORK_HOURS,OT_HOURS,IS_NIGHT) values ('16',104,'1',to_date('03-OCT-23','DD-MON-RR'),to_timestamp('03-OCT-23 07.00.00.000000000 AM','DD-MON-RR HH.MI.SSXFF AM'),to_timestamp('03-OCT-23 05.00.00.000000000 PM','DD-MON-RR HH.MI.SSXFF AM'),8,2,0);
Insert into SYSTEM.ATTENDANT (ATTENDANCE_ID,EMPLOYEE_ID,SHIFT_ID,WORK_DATE,CLOCK_IN,CLOCK_OUT,WORK_HOURS,OT_HOURS,IS_NIGHT) values ('17',106,'2',to_date('03-OCT-23','DD-MON-RR'),to_timestamp('03-OCT-23 02.55.00.000000000 PM','DD-MON-RR HH.MI.SSXFF AM'),to_timestamp('03-OCT-23 11.05.00.000000000 PM','DD-MON-RR HH.MI.SSXFF AM'),8,0,0);
Insert into SYSTEM.ATTENDANT (ATTENDANCE_ID,EMPLOYEE_ID,SHIFT_ID,WORK_DATE,CLOCK_IN,CLOCK_OUT,WORK_HOURS,OT_HOURS,IS_NIGHT) values ('18',113,'2',to_date('03-OCT-23','DD-MON-RR'),to_timestamp('03-OCT-23 02.50.00.000000000 PM','DD-MON-RR HH.MI.SSXFF AM'),to_timestamp('03-OCT-23 11.00.00.000000000 PM','DD-MON-RR HH.MI.SSXFF AM'),8,0,0);
Insert into SYSTEM.ATTENDANT (ATTENDANCE_ID,EMPLOYEE_ID,SHIFT_ID,WORK_DATE,CLOCK_IN,CLOCK_OUT,WORK_HOURS,OT_HOURS,IS_NIGHT) values ('19',120,'2',to_date('03-OCT-23','DD-MON-RR'),to_timestamp('03-OCT-23 02.58.00.000000000 PM','DD-MON-RR HH.MI.SSXFF AM'),to_timestamp('03-OCT-23 11.15.00.000000000 PM','DD-MON-RR HH.MI.SSXFF AM'),8,0,0);
Insert into SYSTEM.ATTENDANT (ATTENDANCE_ID,EMPLOYEE_ID,SHIFT_ID,WORK_DATE,CLOCK_IN,CLOCK_OUT,WORK_HOURS,OT_HOURS,IS_NIGHT) values ('20',127,'2',to_date('03-OCT-23','DD-MON-RR'),to_timestamp('03-OCT-23 02.45.00.000000000 PM','DD-MON-RR HH.MI.SSXFF AM'),to_timestamp('03-OCT-23 11.00.00.000000000 PM','DD-MON-RR HH.MI.SSXFF AM'),8,0,0);
Insert into SYSTEM.ATTENDANT (ATTENDANCE_ID,EMPLOYEE_ID,SHIFT_ID,WORK_DATE,CLOCK_IN,CLOCK_OUT,WORK_HOURS,OT_HOURS,IS_NIGHT) values ('21',105,'3',to_date('03-OCT-23','DD-MON-RR'),to_timestamp('03-OCT-23 10.55.00.000000000 PM','DD-MON-RR HH.MI.SSXFF AM'),to_timestamp('04-OCT-23 07.00.00.000000000 AM','DD-MON-RR HH.MI.SSXFF AM'),8,0,1);
Insert into SYSTEM.ATTENDANT (ATTENDANCE_ID,EMPLOYEE_ID,SHIFT_ID,WORK_DATE,CLOCK_IN,CLOCK_OUT,WORK_HOURS,OT_HOURS,IS_NIGHT) values ('22',134,'3',to_date('03-OCT-23','DD-MON-RR'),to_timestamp('03-OCT-23 10.50.00.000000000 PM','DD-MON-RR HH.MI.SSXFF AM'),to_timestamp('04-OCT-23 07.10.00.000000000 AM','DD-MON-RR HH.MI.SSXFF AM'),8,0,1);
Insert into SYSTEM.ATTENDANT (ATTENDANCE_ID,EMPLOYEE_ID,SHIFT_ID,WORK_DATE,CLOCK_IN,CLOCK_OUT,WORK_HOURS,OT_HOURS,IS_NIGHT) values ('23',101,'1',to_date('04-OCT-23','DD-MON-RR'),to_timestamp('04-OCT-23 06.55.00.000000000 AM','DD-MON-RR HH.MI.SSXFF AM'),to_timestamp('04-OCT-23 03.00.00.000000000 PM','DD-MON-RR HH.MI.SSXFF AM'),8,0,0);
Insert into SYSTEM.ATTENDANT (ATTENDANCE_ID,EMPLOYEE_ID,SHIFT_ID,WORK_DATE,CLOCK_IN,CLOCK_OUT,WORK_HOURS,OT_HOURS,IS_NIGHT) values ('24',102,'1',to_date('04-OCT-23','DD-MON-RR'),to_timestamp('04-OCT-23 06.50.00.000000000 AM','DD-MON-RR HH.MI.SSXFF AM'),to_timestamp('04-OCT-23 03.05.00.000000000 PM','DD-MON-RR HH.MI.SSXFF AM'),8,0,0);
Insert into SYSTEM.ATTENDANT (ATTENDANCE_ID,EMPLOYEE_ID,SHIFT_ID,WORK_DATE,CLOCK_IN,CLOCK_OUT,WORK_HOURS,OT_HOURS,IS_NIGHT) values ('25',103,'1',to_date('04-OCT-23','DD-MON-RR'),to_timestamp('04-OCT-23 07.00.00.000000000 AM','DD-MON-RR HH.MI.SSXFF AM'),to_timestamp('04-OCT-23 03.00.00.000000000 PM','DD-MON-RR HH.MI.SSXFF AM'),8,0,0);
Insert into SYSTEM.ATTENDANT (ATTENDANCE_ID,EMPLOYEE_ID,SHIFT_ID,WORK_DATE,CLOCK_IN,CLOCK_OUT,WORK_HOURS,OT_HOURS,IS_NIGHT) values ('26',104,'1',to_date('04-OCT-23','DD-MON-RR'),to_timestamp('04-OCT-23 06.55.00.000000000 AM','DD-MON-RR HH.MI.SSXFF AM'),to_timestamp('04-OCT-23 03.10.00.000000000 PM','DD-MON-RR HH.MI.SSXFF AM'),8,0,0);
Insert into SYSTEM.ATTENDANT (ATTENDANCE_ID,EMPLOYEE_ID,SHIFT_ID,WORK_DATE,CLOCK_IN,CLOCK_OUT,WORK_HOURS,OT_HOURS,IS_NIGHT) values ('27',106,'2',to_date('04-OCT-23','DD-MON-RR'),to_timestamp('04-OCT-23 02.50.00.000000000 PM','DD-MON-RR HH.MI.SSXFF AM'),to_timestamp('04-OCT-23 11.05.00.000000000 PM','DD-MON-RR HH.MI.SSXFF AM'),8,0,0);
Insert into SYSTEM.ATTENDANT (ATTENDANCE_ID,EMPLOYEE_ID,SHIFT_ID,WORK_DATE,CLOCK_IN,CLOCK_OUT,WORK_HOURS,OT_HOURS,IS_NIGHT) values ('28',113,'2',to_date('04-OCT-23','DD-MON-RR'),to_timestamp('04-OCT-23 02.45.00.000000000 PM','DD-MON-RR HH.MI.SSXFF AM'),to_timestamp('04-OCT-23 11.00.00.000000000 PM','DD-MON-RR HH.MI.SSXFF AM'),8,0,0);
Insert into SYSTEM.ATTENDANT (ATTENDANCE_ID,EMPLOYEE_ID,SHIFT_ID,WORK_DATE,CLOCK_IN,CLOCK_OUT,WORK_HOURS,OT_HOURS,IS_NIGHT) values ('29',120,'2',to_date('04-OCT-23','DD-MON-RR'),to_timestamp('04-OCT-23 03.00.00.000000000 PM','DD-MON-RR HH.MI.SSXFF AM'),to_timestamp('04-OCT-23 11.10.00.000000000 PM','DD-MON-RR HH.MI.SSXFF AM'),8,0,0);
Insert into SYSTEM.ATTENDANT (ATTENDANCE_ID,EMPLOYEE_ID,SHIFT_ID,WORK_DATE,CLOCK_IN,CLOCK_OUT,WORK_HOURS,OT_HOURS,IS_NIGHT) values ('30',127,'2',to_date('04-OCT-23','DD-MON-RR'),to_timestamp('04-OCT-23 02.55.00.000000000 PM','DD-MON-RR HH.MI.SSXFF AM'),to_timestamp('04-OCT-23 11.00.00.000000000 PM','DD-MON-RR HH.MI.SSXFF AM'),8,0,0);
Insert into SYSTEM.ATTENDANT (ATTENDANCE_ID,EMPLOYEE_ID,SHIFT_ID,WORK_DATE,CLOCK_IN,CLOCK_OUT,WORK_HOURS,OT_HOURS,IS_NIGHT) values ('31',105,'3',to_date('04-OCT-23','DD-MON-RR'),to_timestamp('04-OCT-23 10.50.00.000000000 PM','DD-MON-RR HH.MI.SSXFF AM'),to_timestamp('05-OCT-23 07.05.00.000000000 AM','DD-MON-RR HH.MI.SSXFF AM'),8,0,1);
Insert into SYSTEM.ATTENDANT (ATTENDANCE_ID,EMPLOYEE_ID,SHIFT_ID,WORK_DATE,CLOCK_IN,CLOCK_OUT,WORK_HOURS,OT_HOURS,IS_NIGHT) values ('32',134,'3',to_date('04-OCT-23','DD-MON-RR'),to_timestamp('04-OCT-23 10.55.00.000000000 PM','DD-MON-RR HH.MI.SSXFF AM'),to_timestamp('05-OCT-23 08.00.00.000000000 AM','DD-MON-RR HH.MI.SSXFF AM'),8,1,1);
Insert into SYSTEM.ATTENDANT (ATTENDANCE_ID,EMPLOYEE_ID,SHIFT_ID,WORK_DATE,CLOCK_IN,CLOCK_OUT,WORK_HOURS,OT_HOURS,IS_NIGHT) values ('33',101,'1',to_date('05-OCT-23','DD-MON-RR'),to_timestamp('05-OCT-23 06.50.00.000000000 AM','DD-MON-RR HH.MI.SSXFF AM'),to_timestamp('05-OCT-23 03.00.00.000000000 PM','DD-MON-RR HH.MI.SSXFF AM'),8,0,0);
Insert into SYSTEM.ATTENDANT (ATTENDANCE_ID,EMPLOYEE_ID,SHIFT_ID,WORK_DATE,CLOCK_IN,CLOCK_OUT,WORK_HOURS,OT_HOURS,IS_NIGHT) values ('34',102,'1',to_date('05-OCT-23','DD-MON-RR'),to_timestamp('05-OCT-23 06.55.00.000000000 AM','DD-MON-RR HH.MI.SSXFF AM'),to_timestamp('05-OCT-23 03.05.00.000000000 PM','DD-MON-RR HH.MI.SSXFF AM'),8,0,0);
Insert into SYSTEM.ATTENDANT (ATTENDANCE_ID,EMPLOYEE_ID,SHIFT_ID,WORK_DATE,CLOCK_IN,CLOCK_OUT,WORK_HOURS,OT_HOURS,IS_NIGHT) values ('35',103,'1',to_date('05-OCT-23','DD-MON-RR'),to_timestamp('05-OCT-23 07.05.00.000000000 AM','DD-MON-RR HH.MI.SSXFF AM'),to_timestamp('05-OCT-23 03.00.00.000000000 PM','DD-MON-RR HH.MI.SSXFF AM'),8,0,0);
Insert into SYSTEM.ATTENDANT (ATTENDANCE_ID,EMPLOYEE_ID,SHIFT_ID,WORK_DATE,CLOCK_IN,CLOCK_OUT,WORK_HOURS,OT_HOURS,IS_NIGHT) values ('36',104,'1',to_date('05-OCT-23','DD-MON-RR'),to_timestamp('05-OCT-23 06.58.00.000000000 AM','DD-MON-RR HH.MI.SSXFF AM'),to_timestamp('05-OCT-23 03.05.00.000000000 PM','DD-MON-RR HH.MI.SSXFF AM'),8,0,0);
Insert into SYSTEM.ATTENDANT (ATTENDANCE_ID,EMPLOYEE_ID,SHIFT_ID,WORK_DATE,CLOCK_IN,CLOCK_OUT,WORK_HOURS,OT_HOURS,IS_NIGHT) values ('37',106,'2',to_date('05-OCT-23','DD-MON-RR'),to_timestamp('05-OCT-23 02.45.00.000000000 PM','DD-MON-RR HH.MI.SSXFF AM'),to_timestamp('05-OCT-23 11.00.00.000000000 PM','DD-MON-RR HH.MI.SSXFF AM'),8,0,0);
Insert into SYSTEM.ATTENDANT (ATTENDANCE_ID,EMPLOYEE_ID,SHIFT_ID,WORK_DATE,CLOCK_IN,CLOCK_OUT,WORK_HOURS,OT_HOURS,IS_NIGHT) values ('38',113,'2',to_date('05-OCT-23','DD-MON-RR'),to_timestamp('05-OCT-23 02.50.00.000000000 PM','DD-MON-RR HH.MI.SSXFF AM'),to_timestamp('05-OCT-23 11.05.00.000000000 PM','DD-MON-RR HH.MI.SSXFF AM'),8,0,0);
Insert into SYSTEM.ATTENDANT (ATTENDANCE_ID,EMPLOYEE_ID,SHIFT_ID,WORK_DATE,CLOCK_IN,CLOCK_OUT,WORK_HOURS,OT_HOURS,IS_NIGHT) values ('39',120,'2',to_date('05-OCT-23','DD-MON-RR'),to_timestamp('05-OCT-23 02.55.00.000000000 PM','DD-MON-RR HH.MI.SSXFF AM'),to_timestamp('05-OCT-23 11.00.00.000000000 PM','DD-MON-RR HH.MI.SSXFF AM'),8,0,0);
Insert into SYSTEM.ATTENDANT (ATTENDANCE_ID,EMPLOYEE_ID,SHIFT_ID,WORK_DATE,CLOCK_IN,CLOCK_OUT,WORK_HOURS,OT_HOURS,IS_NIGHT) values ('40',127,'2',to_date('05-OCT-23','DD-MON-RR'),to_timestamp('05-OCT-23 03.00.00.000000000 PM','DD-MON-RR HH.MI.SSXFF AM'),to_timestamp('06-OCT-23 01.00.00.000000000 AM','DD-MON-RR HH.MI.SSXFF AM'),8,2,0);
Insert into SYSTEM.ATTENDANT (ATTENDANCE_ID,EMPLOYEE_ID,SHIFT_ID,WORK_DATE,CLOCK_IN,CLOCK_OUT,WORK_HOURS,OT_HOURS,IS_NIGHT) values ('41',105,'3',to_date('05-OCT-23','DD-MON-RR'),to_timestamp('05-OCT-23 10.55.00.000000000 PM','DD-MON-RR HH.MI.SSXFF AM'),to_timestamp('06-OCT-23 07.05.00.000000000 AM','DD-MON-RR HH.MI.SSXFF AM'),8,0,1);
Insert into SYSTEM.ATTENDANT (ATTENDANCE_ID,EMPLOYEE_ID,SHIFT_ID,WORK_DATE,CLOCK_IN,CLOCK_OUT,WORK_HOURS,OT_HOURS,IS_NIGHT) values ('42',134,'3',to_date('05-OCT-23','DD-MON-RR'),to_timestamp('05-OCT-23 10.50.00.000000000 PM','DD-MON-RR HH.MI.SSXFF AM'),to_timestamp('06-OCT-23 07.00.00.000000000 AM','DD-MON-RR HH.MI.SSXFF AM'),8,0,1);
Insert into SYSTEM.ATTENDANT (ATTENDANCE_ID,EMPLOYEE_ID,SHIFT_ID,WORK_DATE,CLOCK_IN,CLOCK_OUT,WORK_HOURS,OT_HOURS,IS_NIGHT) values ('43',101,'1',to_date('06-OCT-23','DD-MON-RR'),to_timestamp('06-OCT-23 06.55.00.000000000 AM','DD-MON-RR HH.MI.SSXFF AM'),to_timestamp('06-OCT-23 03.05.00.000000000 PM','DD-MON-RR HH.MI.SSXFF AM'),8,0,0);
Insert into SYSTEM.ATTENDANT (ATTENDANCE_ID,EMPLOYEE_ID,SHIFT_ID,WORK_DATE,CLOCK_IN,CLOCK_OUT,WORK_HOURS,OT_HOURS,IS_NIGHT) values ('44',102,'1',to_date('06-OCT-23','DD-MON-RR'),to_timestamp('06-OCT-23 06.50.00.000000000 AM','DD-MON-RR HH.MI.SSXFF AM'),to_timestamp('06-OCT-23 03.00.00.000000000 PM','DD-MON-RR HH.MI.SSXFF AM'),8,0,0);
Insert into SYSTEM.ATTENDANT (ATTENDANCE_ID,EMPLOYEE_ID,SHIFT_ID,WORK_DATE,CLOCK_IN,CLOCK_OUT,WORK_HOURS,OT_HOURS,IS_NIGHT) values ('45',103,'1',to_date('06-OCT-23','DD-MON-RR'),to_timestamp('06-OCT-23 07.00.00.000000000 AM','DD-MON-RR HH.MI.SSXFF AM'),to_timestamp('06-OCT-23 04.00.00.000000000 PM','DD-MON-RR HH.MI.SSXFF AM'),8,1,0);
Insert into SYSTEM.ATTENDANT (ATTENDANCE_ID,EMPLOYEE_ID,SHIFT_ID,WORK_DATE,CLOCK_IN,CLOCK_OUT,WORK_HOURS,OT_HOURS,IS_NIGHT) values ('46',104,'1',to_date('06-OCT-23','DD-MON-RR'),to_timestamp('06-OCT-23 06.58.00.000000000 AM','DD-MON-RR HH.MI.SSXFF AM'),to_timestamp('06-OCT-23 03.05.00.000000000 PM','DD-MON-RR HH.MI.SSXFF AM'),8,0,0);
Insert into SYSTEM.ATTENDANT (ATTENDANCE_ID,EMPLOYEE_ID,SHIFT_ID,WORK_DATE,CLOCK_IN,CLOCK_OUT,WORK_HOURS,OT_HOURS,IS_NIGHT) values ('47',106,'2',to_date('06-OCT-23','DD-MON-RR'),to_timestamp('06-OCT-23 02.55.00.000000000 PM','DD-MON-RR HH.MI.SSXFF AM'),to_timestamp('06-OCT-23 11.10.00.000000000 PM','DD-MON-RR HH.MI.SSXFF AM'),8,0,0);
Insert into SYSTEM.ATTENDANT (ATTENDANCE_ID,EMPLOYEE_ID,SHIFT_ID,WORK_DATE,CLOCK_IN,CLOCK_OUT,WORK_HOURS,OT_HOURS,IS_NIGHT) values ('48',113,'2',to_date('06-OCT-23','DD-MON-RR'),to_timestamp('06-OCT-23 02.50.00.000000000 PM','DD-MON-RR HH.MI.SSXFF AM'),to_timestamp('06-OCT-23 11.05.00.000000000 PM','DD-MON-RR HH.MI.SSXFF AM'),8,0,0);
Insert into SYSTEM.ATTENDANT (ATTENDANCE_ID,EMPLOYEE_ID,SHIFT_ID,WORK_DATE,CLOCK_IN,CLOCK_OUT,WORK_HOURS,OT_HOURS,IS_NIGHT) values ('49',120,'2',to_date('06-OCT-23','DD-MON-RR'),to_timestamp('06-OCT-23 02.45.00.000000000 PM','DD-MON-RR HH.MI.SSXFF AM'),to_timestamp('06-OCT-23 11.00.00.000000000 PM','DD-MON-RR HH.MI.SSXFF AM'),8,0,0);
Insert into SYSTEM.ATTENDANT (ATTENDANCE_ID,EMPLOYEE_ID,SHIFT_ID,WORK_DATE,CLOCK_IN,CLOCK_OUT,WORK_HOURS,OT_HOURS,IS_NIGHT) values ('50',127,'2',to_date('06-OCT-23','DD-MON-RR'),to_timestamp('06-OCT-23 03.00.00.000000000 PM','DD-MON-RR HH.MI.SSXFF AM'),to_timestamp('06-OCT-23 11.05.00.000000000 PM','DD-MON-RR HH.MI.SSXFF AM'),8,0,0);
Insert into SYSTEM.ATTENDANT (ATTENDANCE_ID,EMPLOYEE_ID,SHIFT_ID,WORK_DATE,CLOCK_IN,CLOCK_OUT,WORK_HOURS,OT_HOURS,IS_NIGHT) values ('51',105,'3',to_date('06-OCT-23','DD-MON-RR'),to_timestamp('06-OCT-23 10.50.00.000000000 PM','DD-MON-RR HH.MI.SSXFF AM'),to_timestamp('07-OCT-23 07.05.00.000000000 AM','DD-MON-RR HH.MI.SSXFF AM'),8,0,1);
Insert into SYSTEM.ATTENDANT (ATTENDANCE_ID,EMPLOYEE_ID,SHIFT_ID,WORK_DATE,CLOCK_IN,CLOCK_OUT,WORK_HOURS,OT_HOURS,IS_NIGHT) values ('52',134,'3',to_date('06-OCT-23','DD-MON-RR'),to_timestamp('06-OCT-23 10.55.00.000000000 PM','DD-MON-RR HH.MI.SSXFF AM'),to_timestamp('07-OCT-23 07.15.00.000000000 AM','DD-MON-RR HH.MI.SSXFF AM'),8,0,1);
Insert into SYSTEM.ATTENDANT (ATTENDANCE_ID,EMPLOYEE_ID,SHIFT_ID,WORK_DATE,CLOCK_IN,CLOCK_OUT,WORK_HOURS,OT_HOURS,IS_NIGHT) values ('53',101,'1',to_date('07-OCT-23','DD-MON-RR'),to_timestamp('07-OCT-23 06.50.00.000000000 AM','DD-MON-RR HH.MI.SSXFF AM'),to_timestamp('07-OCT-23 03.00.00.000000000 PM','DD-MON-RR HH.MI.SSXFF AM'),8,0,0);
Insert into SYSTEM.ATTENDANT (ATTENDANCE_ID,EMPLOYEE_ID,SHIFT_ID,WORK_DATE,CLOCK_IN,CLOCK_OUT,WORK_HOURS,OT_HOURS,IS_NIGHT) values ('54',102,'1',to_date('07-OCT-23','DD-MON-RR'),to_timestamp('07-OCT-23 06.55.00.000000000 AM','DD-MON-RR HH.MI.SSXFF AM'),to_timestamp('07-OCT-23 03.10.00.000000000 PM','DD-MON-RR HH.MI.SSXFF AM'),8,0,0);
Insert into SYSTEM.ATTENDANT (ATTENDANCE_ID,EMPLOYEE_ID,SHIFT_ID,WORK_DATE,CLOCK_IN,CLOCK_OUT,WORK_HOURS,OT_HOURS,IS_NIGHT) values ('55',103,'1',to_date('07-OCT-23','DD-MON-RR'),to_timestamp('07-OCT-23 07.00.00.000000000 AM','DD-MON-RR HH.MI.SSXFF AM'),to_timestamp('07-OCT-23 03.05.00.000000000 PM','DD-MON-RR HH.MI.SSXFF AM'),8,0,0);
Insert into SYSTEM.ATTENDANT (ATTENDANCE_ID,EMPLOYEE_ID,SHIFT_ID,WORK_DATE,CLOCK_IN,CLOCK_OUT,WORK_HOURS,OT_HOURS,IS_NIGHT) values ('56',104,'1',to_date('07-OCT-23','DD-MON-RR'),to_timestamp('07-OCT-23 06.58.00.000000000 AM','DD-MON-RR HH.MI.SSXFF AM'),to_timestamp('07-OCT-23 03.00.00.000000000 PM','DD-MON-RR HH.MI.SSXFF AM'),8,0,0);
Insert into SYSTEM.ATTENDANT (ATTENDANCE_ID,EMPLOYEE_ID,SHIFT_ID,WORK_DATE,CLOCK_IN,CLOCK_OUT,WORK_HOURS,OT_HOURS,IS_NIGHT) values ('57',106,'2',to_date('07-OCT-23','DD-MON-RR'),to_timestamp('07-OCT-23 02.50.00.000000000 PM','DD-MON-RR HH.MI.SSXFF AM'),to_timestamp('07-OCT-23 11.05.00.000000000 PM','DD-MON-RR HH.MI.SSXFF AM'),8,0,0);
Insert into SYSTEM.ATTENDANT (ATTENDANCE_ID,EMPLOYEE_ID,SHIFT_ID,WORK_DATE,CLOCK_IN,CLOCK_OUT,WORK_HOURS,OT_HOURS,IS_NIGHT) values ('58',113,'2',to_date('07-OCT-23','DD-MON-RR'),to_timestamp('07-OCT-23 02.45.00.000000000 PM','DD-MON-RR HH.MI.SSXFF AM'),to_timestamp('07-OCT-23 11.00.00.000000000 PM','DD-MON-RR HH.MI.SSXFF AM'),8,0,0);
Insert into SYSTEM.ATTENDANT (ATTENDANCE_ID,EMPLOYEE_ID,SHIFT_ID,WORK_DATE,CLOCK_IN,CLOCK_OUT,WORK_HOURS,OT_HOURS,IS_NIGHT) values ('59',120,'2',to_date('07-OCT-23','DD-MON-RR'),to_timestamp('07-OCT-23 03.00.00.000000000 PM','DD-MON-RR HH.MI.SSXFF AM'),to_timestamp('07-OCT-23 11.10.00.000000000 PM','DD-MON-RR HH.MI.SSXFF AM'),8,0,0);
Insert into SYSTEM.ATTENDANT (ATTENDANCE_ID,EMPLOYEE_ID,SHIFT_ID,WORK_DATE,CLOCK_IN,CLOCK_OUT,WORK_HOURS,OT_HOURS,IS_NIGHT) values ('60',127,'2',to_date('07-OCT-23','DD-MON-RR'),to_timestamp('07-OCT-23 02.55.00.000000000 PM','DD-MON-RR HH.MI.SSXFF AM'),to_timestamp('07-OCT-23 11.00.00.000000000 PM','DD-MON-RR HH.MI.SSXFF AM'),8,0,0);
Insert into SYSTEM.ATTENDANT (ATTENDANCE_ID,EMPLOYEE_ID,SHIFT_ID,WORK_DATE,CLOCK_IN,CLOCK_OUT,WORK_HOURS,OT_HOURS,IS_NIGHT) values ('61',105,'3',to_date('07-OCT-23','DD-MON-RR'),to_timestamp('07-OCT-23 10.55.00.000000000 PM','DD-MON-RR HH.MI.SSXFF AM'),to_timestamp('08-OCT-23 07.05.00.000000000 AM','DD-MON-RR HH.MI.SSXFF AM'),8,0,1);
Insert into SYSTEM.ATTENDANT (ATTENDANCE_ID,EMPLOYEE_ID,SHIFT_ID,WORK_DATE,CLOCK_IN,CLOCK_OUT,WORK_HOURS,OT_HOURS,IS_NIGHT) values ('62',134,'3',to_date('07-OCT-23','DD-MON-RR'),to_timestamp('07-OCT-23 10.50.00.000000000 PM','DD-MON-RR HH.MI.SSXFF AM'),to_timestamp('08-OCT-23 07.00.00.000000000 AM','DD-MON-RR HH.MI.SSXFF AM'),8,0,1);
Insert into SYSTEM.ATTENDANT (ATTENDANCE_ID,EMPLOYEE_ID,SHIFT_ID,WORK_DATE,CLOCK_IN,CLOCK_OUT,WORK_HOURS,OT_HOURS,IS_NIGHT) values ('63',101,'1',to_date('08-OCT-23','DD-MON-RR'),to_timestamp('08-OCT-23 06.55.00.000000000 AM','DD-MON-RR HH.MI.SSXFF AM'),to_timestamp('08-OCT-23 03.05.00.000000000 PM','DD-MON-RR HH.MI.SSXFF AM'),8,0,0);
Insert into SYSTEM.ATTENDANT (ATTENDANCE_ID,EMPLOYEE_ID,SHIFT_ID,WORK_DATE,CLOCK_IN,CLOCK_OUT,WORK_HOURS,OT_HOURS,IS_NIGHT) values ('64',102,'1',to_date('08-OCT-23','DD-MON-RR'),to_timestamp('08-OCT-23 06.50.00.000000000 AM','DD-MON-RR HH.MI.SSXFF AM'),to_timestamp('08-OCT-23 03.00.00.000000000 PM','DD-MON-RR HH.MI.SSXFF AM'),8,0,0);
Insert into SYSTEM.ATTENDANT (ATTENDANCE_ID,EMPLOYEE_ID,SHIFT_ID,WORK_DATE,CLOCK_IN,CLOCK_OUT,WORK_HOURS,OT_HOURS,IS_NIGHT) values ('65',103,'1',to_date('08-OCT-23','DD-MON-RR'),to_timestamp('08-OCT-23 07.00.00.000000000 AM','DD-MON-RR HH.MI.SSXFF AM'),to_timestamp('08-OCT-23 03.00.00.000000000 PM','DD-MON-RR HH.MI.SSXFF AM'),8,0,0);
Insert into SYSTEM.ATTENDANT (ATTENDANCE_ID,EMPLOYEE_ID,SHIFT_ID,WORK_DATE,CLOCK_IN,CLOCK_OUT,WORK_HOURS,OT_HOURS,IS_NIGHT) values ('66',104,'1',to_date('08-OCT-23','DD-MON-RR'),to_timestamp('08-OCT-23 06.58.00.000000000 AM','DD-MON-RR HH.MI.SSXFF AM'),to_timestamp('08-OCT-23 03.05.00.000000000 PM','DD-MON-RR HH.MI.SSXFF AM'),8,0,0);
Insert into SYSTEM.ATTENDANT (ATTENDANCE_ID,EMPLOYEE_ID,SHIFT_ID,WORK_DATE,CLOCK_IN,CLOCK_OUT,WORK_HOURS,OT_HOURS,IS_NIGHT) values ('67',106,'2',to_date('08-OCT-23','DD-MON-RR'),to_timestamp('08-OCT-23 02.50.00.000000000 PM','DD-MON-RR HH.MI.SSXFF AM'),to_timestamp('08-OCT-23 11.10.00.000000000 PM','DD-MON-RR HH.MI.SSXFF AM'),8,0,0);
Insert into SYSTEM.ATTENDANT (ATTENDANCE_ID,EMPLOYEE_ID,SHIFT_ID,WORK_DATE,CLOCK_IN,CLOCK_OUT,WORK_HOURS,OT_HOURS,IS_NIGHT) values ('68',113,'2',to_date('08-OCT-23','DD-MON-RR'),to_timestamp('08-OCT-23 02.55.00.000000000 PM','DD-MON-RR HH.MI.SSXFF AM'),to_timestamp('08-OCT-23 11.05.00.000000000 PM','DD-MON-RR HH.MI.SSXFF AM'),8,0,0);
Insert into SYSTEM.ATTENDANT (ATTENDANCE_ID,EMPLOYEE_ID,SHIFT_ID,WORK_DATE,CLOCK_IN,CLOCK_OUT,WORK_HOURS,OT_HOURS,IS_NIGHT) values ('69',120,'2',to_date('08-OCT-23','DD-MON-RR'),to_timestamp('08-OCT-23 02.45.00.000000000 PM','DD-MON-RR HH.MI.SSXFF AM'),to_timestamp('08-OCT-23 11.00.00.000000000 PM','DD-MON-RR HH.MI.SSXFF AM'),8,0,0);
Insert into SYSTEM.ATTENDANT (ATTENDANCE_ID,EMPLOYEE_ID,SHIFT_ID,WORK_DATE,CLOCK_IN,CLOCK_OUT,WORK_HOURS,OT_HOURS,IS_NIGHT) values ('70',127,'2',to_date('08-OCT-23','DD-MON-RR'),to_timestamp('08-OCT-23 03.00.00.000000000 PM','DD-MON-RR HH.MI.SSXFF AM'),to_timestamp('08-OCT-23 11.05.00.000000000 PM','DD-MON-RR HH.MI.SSXFF AM'),8,0,0);
Insert into SYSTEM.ATTENDANT (ATTENDANCE_ID,EMPLOYEE_ID,SHIFT_ID,WORK_DATE,CLOCK_IN,CLOCK_OUT,WORK_HOURS,OT_HOURS,IS_NIGHT) values ('71',105,'3',to_date('08-OCT-23','DD-MON-RR'),to_timestamp('08-OCT-23 10.50.00.000000000 PM','DD-MON-RR HH.MI.SSXFF AM'),to_timestamp('09-OCT-23 07.05.00.000000000 AM','DD-MON-RR HH.MI.SSXFF AM'),8,0,1);
Insert into SYSTEM.ATTENDANT (ATTENDANCE_ID,EMPLOYEE_ID,SHIFT_ID,WORK_DATE,CLOCK_IN,CLOCK_OUT,WORK_HOURS,OT_HOURS,IS_NIGHT) values ('72',134,'3',to_date('08-OCT-23','DD-MON-RR'),to_timestamp('08-OCT-23 10.55.00.000000000 PM','DD-MON-RR HH.MI.SSXFF AM'),to_timestamp('09-OCT-23 07.15.00.000000000 AM','DD-MON-RR HH.MI.SSXFF AM'),8,0,1);
Insert into SYSTEM.ATTENDANT (ATTENDANCE_ID,EMPLOYEE_ID,SHIFT_ID,WORK_DATE,CLOCK_IN,CLOCK_OUT,WORK_HOURS,OT_HOURS,IS_NIGHT) values ('1',101,'1',to_date('01-OCT-23','DD-MON-RR'),to_timestamp('01-OCT-23 06.55.00.000000000 AM','DD-MON-RR HH.MI.SSXFF AM'),to_timestamp('01-OCT-23 03.05.00.000000000 PM','DD-MON-RR HH.MI.SSXFF AM'),8,0,0);
Insert into SYSTEM.ATTENDANT (ATTENDANCE_ID,EMPLOYEE_ID,SHIFT_ID,WORK_DATE,CLOCK_IN,CLOCK_OUT,WORK_HOURS,OT_HOURS,IS_NIGHT) values ('2',105,'3',to_date('01-OCT-23','DD-MON-RR'),to_timestamp('01-OCT-23 10.50.00.000000000 PM','DD-MON-RR HH.MI.SSXFF AM'),to_timestamp('02-OCT-23 07.10.00.000000000 AM','DD-MON-RR HH.MI.SSXFF AM'),8,0,1);
REM INSERTING into SYSTEM.DEPARTMENT
SET DEFINE OFF;
Insert into SYSTEM.DEPARTMENT (DEPARTMENT_ID,DEPARTMENT_NAME,MANAGER_ID,LOCATION,INTERNAL_PHONE) values (1,'Front Office',101,'Main Lobby',1001);
Insert into SYSTEM.DEPARTMENT (DEPARTMENT_ID,DEPARTMENT_NAME,MANAGER_ID,LOCATION,INTERNAL_PHONE) values (2,'Housekeeping',102,'Basement 1',1002);
Insert into SYSTEM.DEPARTMENT (DEPARTMENT_ID,DEPARTMENT_NAME,MANAGER_ID,LOCATION,INTERNAL_PHONE) values (3,'F&B',103,'Ground Floor',1003);
Insert into SYSTEM.DEPARTMENT (DEPARTMENT_ID,DEPARTMENT_NAME,MANAGER_ID,LOCATION,INTERNAL_PHONE) values (4,'Maintenance',104,'Basement 2',1004);
Insert into SYSTEM.DEPARTMENT (DEPARTMENT_ID,DEPARTMENT_NAME,MANAGER_ID,LOCATION,INTERNAL_PHONE) values (5,'Security',105,'Main Entrance',1005);
REM INSERTING into SYSTEM.EMPLOYEES
SET DEFINE OFF;
Insert into SYSTEM.EMPLOYEES (EMPLOYEE_ID,FIRST_NAME,LAST_NAME,BIRTH_DATE,GENDER,PHONE,EMAIL,HIRE_DATE,STATUS,DEPARTMENT_ID,POSITION_ID) values (106,'Sarah','Connor','1993-04-12T00:00:00Z','Female','555-0106','sarah.c@hotel.com','2021-02-10T00:00:00Z','Active',1,1);
Insert into SYSTEM.EMPLOYEES (EMPLOYEE_ID,FIRST_NAME,LAST_NAME,BIRTH_DATE,GENDER,PHONE,EMAIL,HIRE_DATE,STATUS,DEPARTMENT_ID,POSITION_ID) values (107,'John','Doe','1989-08-25T00:00:00Z','Male','555-0107','john.d@hotel.com','2020-11-15T00:00:00Z','Active',1,1);
Insert into SYSTEM.EMPLOYEES (EMPLOYEE_ID,FIRST_NAME,LAST_NAME,BIRTH_DATE,GENDER,PHONE,EMAIL,HIRE_DATE,STATUS,DEPARTMENT_ID,POSITION_ID) values (108,'Jane','Smith','1995-01-30T00:00:00Z','Female','555-0108','jane.s@hotel.com','2022-05-20T00:00:00Z','Active',1,1);
Insert into SYSTEM.EMPLOYEES (EMPLOYEE_ID,FIRST_NAME,LAST_NAME,BIRTH_DATE,GENDER,PHONE,EMAIL,HIRE_DATE,STATUS,DEPARTMENT_ID,POSITION_ID) values (109,'Emily','Chen','1998-07-14T00:00:00Z','Female','555-0109','emily.c@hotel.com','2023-01-10T00:00:00Z','Active',1,1);
Insert into SYSTEM.EMPLOYEES (EMPLOYEE_ID,FIRST_NAME,LAST_NAME,BIRTH_DATE,GENDER,PHONE,EMAIL,HIRE_DATE,STATUS,DEPARTMENT_ID,POSITION_ID) values (110,'Michael','Brown','1991-09-09T00:00:00Z','Male','555-0110','michael.b@hotel.com','2019-08-05T00:00:00Z','On Leave',1,1);
Insert into SYSTEM.EMPLOYEES (EMPLOYEE_ID,FIRST_NAME,LAST_NAME,BIRTH_DATE,GENDER,PHONE,EMAIL,HIRE_DATE,STATUS,DEPARTMENT_ID,POSITION_ID) values (111,'Chris','Evans','1985-06-13T00:00:00Z','Male','555-0111','chris.e@hotel.com','2018-03-12T00:00:00Z','Active',1,1);
Insert into SYSTEM.EMPLOYEES (EMPLOYEE_ID,FIRST_NAME,LAST_NAME,BIRTH_DATE,GENDER,PHONE,EMAIL,HIRE_DATE,STATUS,DEPARTMENT_ID,POSITION_ID) values (112,'Jessica','Alba','1992-12-01T00:00:00Z','Female','555-0112','jessica.a@hotel.com','2021-09-25T00:00:00Z','Active',1,1);
Insert into SYSTEM.EMPLOYEES (EMPLOYEE_ID,FIRST_NAME,LAST_NAME,BIRTH_DATE,GENDER,PHONE,EMAIL,HIRE_DATE,STATUS,DEPARTMENT_ID,POSITION_ID) values (113,'David','Miller','1980-03-22T00:00:00Z','Male','555-0113','david.m@hotel.com','2017-06-30T00:00:00Z','Active',2,2);
Insert into SYSTEM.EMPLOYEES (EMPLOYEE_ID,FIRST_NAME,LAST_NAME,BIRTH_DATE,GENDER,PHONE,EMAIL,HIRE_DATE,STATUS,DEPARTMENT_ID,POSITION_ID) values (114,'Sophia','Taylor','1988-11-05T00:00:00Z','Female','555-0114','sophia.t@hotel.com','2019-02-18T00:00:00Z','Active',2,2);
Insert into SYSTEM.EMPLOYEES (EMPLOYEE_ID,FIRST_NAME,LAST_NAME,BIRTH_DATE,GENDER,PHONE,EMAIL,HIRE_DATE,STATUS,DEPARTMENT_ID,POSITION_ID) values (115,'James','Anderson','1994-05-17T00:00:00Z','Male','555-0115','james.a@hotel.com','2022-10-10T00:00:00Z','Active',2,2);
Insert into SYSTEM.EMPLOYEES (EMPLOYEE_ID,FIRST_NAME,LAST_NAME,BIRTH_DATE,GENDER,PHONE,EMAIL,HIRE_DATE,STATUS,DEPARTMENT_ID,POSITION_ID) values (116,'Linda','Thomas','1975-08-29T00:00:00Z','Female','555-0116','linda.t@hotel.com','2015-04-22T00:00:00Z','Active',2,2);
Insert into SYSTEM.EMPLOYEES (EMPLOYEE_ID,FIRST_NAME,LAST_NAME,BIRTH_DATE,GENDER,PHONE,EMAIL,HIRE_DATE,STATUS,DEPARTMENT_ID,POSITION_ID) values (117,'Robert','Jackson','1982-10-11T00:00:00Z','Male','555-0117','robert.j@hotel.com','2018-07-15T00:00:00Z','Resigned',2,2);
Insert into SYSTEM.EMPLOYEES (EMPLOYEE_ID,FIRST_NAME,LAST_NAME,BIRTH_DATE,GENDER,PHONE,EMAIL,HIRE_DATE,STATUS,DEPARTMENT_ID,POSITION_ID) values (118,'Maria','Garcia','1997-02-28T00:00:00Z','Female','555-0118','maria.g@hotel.com','2023-03-01T00:00:00Z','Active',2,2);
Insert into SYSTEM.EMPLOYEES (EMPLOYEE_ID,FIRST_NAME,LAST_NAME,BIRTH_DATE,GENDER,PHONE,EMAIL,HIRE_DATE,STATUS,DEPARTMENT_ID,POSITION_ID) values (119,'William','White','1990-06-19T00:00:00Z','Male','555-0119','william.w@hotel.com','2020-12-05T00:00:00Z','Active',2,2);
Insert into SYSTEM.EMPLOYEES (EMPLOYEE_ID,FIRST_NAME,LAST_NAME,BIRTH_DATE,GENDER,PHONE,EMAIL,HIRE_DATE,STATUS,DEPARTMENT_ID,POSITION_ID) values (120,'Richard','Harris','1996-09-14T00:00:00Z','Male','555-0120','richard.h@hotel.com','2021-05-10T00:00:00Z','Active',3,3);
Insert into SYSTEM.EMPLOYEES (EMPLOYEE_ID,FIRST_NAME,LAST_NAME,BIRTH_DATE,GENDER,PHONE,EMAIL,HIRE_DATE,STATUS,DEPARTMENT_ID,POSITION_ID) values (121,'Patricia','Martin','1999-01-22T00:00:00Z','Female','555-0121','patricia.m@hotel.com','2023-08-15T00:00:00Z','Active',3,3);
Insert into SYSTEM.EMPLOYEES (EMPLOYEE_ID,FIRST_NAME,LAST_NAME,BIRTH_DATE,GENDER,PHONE,EMAIL,HIRE_DATE,STATUS,DEPARTMENT_ID,POSITION_ID) values (122,'Charles','Thompson','1987-12-30T00:00:00Z','Male','555-0122','charles.t@hotel.com','2019-11-20T00:00:00Z','Active',3,3);
Insert into SYSTEM.EMPLOYEES (EMPLOYEE_ID,FIRST_NAME,LAST_NAME,BIRTH_DATE,GENDER,PHONE,EMAIL,HIRE_DATE,STATUS,DEPARTMENT_ID,POSITION_ID) values (123,'Angela','Moore','1994-04-18T00:00:00Z','Female','555-0123','angela.m@hotel.com','2020-01-25T00:00:00Z','Active',3,3);
Insert into SYSTEM.EMPLOYEES (EMPLOYEE_ID,FIRST_NAME,LAST_NAME,BIRTH_DATE,GENDER,PHONE,EMAIL,HIRE_DATE,STATUS,DEPARTMENT_ID,POSITION_ID) values (124,'Thomas','Clark','1991-07-07T00:00:00Z','Male','555-0124','thomas.c@hotel.com','2018-09-10T00:00:00Z','Active',3,3);
Insert into SYSTEM.EMPLOYEES (EMPLOYEE_ID,FIRST_NAME,LAST_NAME,BIRTH_DATE,GENDER,PHONE,EMAIL,HIRE_DATE,STATUS,DEPARTMENT_ID,POSITION_ID) values (125,'Nancy','Lewis','1985-03-15T00:00:00Z','Female','555-0125','nancy.l@hotel.com','2016-10-05T00:00:00Z','On Leave',3,3);
Insert into SYSTEM.EMPLOYEES (EMPLOYEE_ID,FIRST_NAME,LAST_NAME,BIRTH_DATE,GENDER,PHONE,EMAIL,HIRE_DATE,STATUS,DEPARTMENT_ID,POSITION_ID) values (126,'Daniel','Walker','1998-11-28T00:00:00Z','Male','555-0126','daniel.w@hotel.com','2022-07-12T00:00:00Z','Active',3,3);
Insert into SYSTEM.EMPLOYEES (EMPLOYEE_ID,FIRST_NAME,LAST_NAME,BIRTH_DATE,GENDER,PHONE,EMAIL,HIRE_DATE,STATUS,DEPARTMENT_ID,POSITION_ID) values (127,'Matthew','Hall','1983-05-09T00:00:00Z','Male','555-0127','matthew.h@hotel.com','2015-08-20T00:00:00Z','Active',4,4);
Insert into SYSTEM.EMPLOYEES (EMPLOYEE_ID,FIRST_NAME,LAST_NAME,BIRTH_DATE,GENDER,PHONE,EMAIL,HIRE_DATE,STATUS,DEPARTMENT_ID,POSITION_ID) values (128,'Karen','Allen','1989-10-14T00:00:00Z','Female','555-0128','karen.a@hotel.com','2019-04-10T00:00:00Z','Active',4,4);
Insert into SYSTEM.EMPLOYEES (EMPLOYEE_ID,FIRST_NAME,LAST_NAME,BIRTH_DATE,GENDER,PHONE,EMAIL,HIRE_DATE,STATUS,DEPARTMENT_ID,POSITION_ID) values (129,'Anthony','Young','1978-01-25T00:00:00Z','Male','555-0129','anthony.y@hotel.com','2014-02-15T00:00:00Z','Active',4,4);
Insert into SYSTEM.EMPLOYEES (EMPLOYEE_ID,FIRST_NAME,LAST_NAME,BIRTH_DATE,GENDER,PHONE,EMAIL,HIRE_DATE,STATUS,DEPARTMENT_ID,POSITION_ID) values (130,'Betty','King','1992-06-30T00:00:00Z','Female','555-0130','betty.k@hotel.com','2021-11-05T00:00:00Z','Active',4,4);
Insert into SYSTEM.EMPLOYEES (EMPLOYEE_ID,FIRST_NAME,LAST_NAME,BIRTH_DATE,GENDER,PHONE,EMAIL,HIRE_DATE,STATUS,DEPARTMENT_ID,POSITION_ID) values (131,'Mark','Wright','1986-09-18T00:00:00Z','Male','555-0131','mark.w@hotel.com','2018-05-25T00:00:00Z','Resigned',4,4);
Insert into SYSTEM.EMPLOYEES (EMPLOYEE_ID,FIRST_NAME,LAST_NAME,BIRTH_DATE,GENDER,PHONE,EMAIL,HIRE_DATE,STATUS,DEPARTMENT_ID,POSITION_ID) values (132,'Lisa','Scott','1995-12-12T00:00:00Z','Female','555-0132','lisa.s@hotel.com','2022-03-30T00:00:00Z','Active',4,4);
Insert into SYSTEM.EMPLOYEES (EMPLOYEE_ID,FIRST_NAME,LAST_NAME,BIRTH_DATE,GENDER,PHONE,EMAIL,HIRE_DATE,STATUS,DEPARTMENT_ID,POSITION_ID) values (133,'Paul','Green','1990-04-04T00:00:00Z','Male','555-0133','paul.g@hotel.com','2020-09-15T00:00:00Z','Active',4,4);
Insert into SYSTEM.EMPLOYEES (EMPLOYEE_ID,FIRST_NAME,LAST_NAME,BIRTH_DATE,GENDER,PHONE,EMAIL,HIRE_DATE,STATUS,DEPARTMENT_ID,POSITION_ID) values (134,'Steven','Adams','1981-08-08T00:00:00Z','Male','555-0134','steven.a@hotel.com','2016-01-20T00:00:00Z','Active',5,5);
Insert into SYSTEM.EMPLOYEES (EMPLOYEE_ID,FIRST_NAME,LAST_NAME,BIRTH_DATE,GENDER,PHONE,EMAIL,HIRE_DATE,STATUS,DEPARTMENT_ID,POSITION_ID) values (135,'Sandra','Baker','1987-02-16T00:00:00Z','Female','555-0135','sandra.b@hotel.com','2019-10-10T00:00:00Z','Active',5,5);
Insert into SYSTEM.EMPLOYEES (EMPLOYEE_ID,FIRST_NAME,LAST_NAME,BIRTH_DATE,GENDER,PHONE,EMAIL,HIRE_DATE,STATUS,DEPARTMENT_ID,POSITION_ID) values (136,'Kenneth','Gonzalez','1993-05-27T00:00:00Z','Male','555-0136','kenneth.g@hotel.com','2021-06-05T00:00:00Z','Active',5,5);
Insert into SYSTEM.EMPLOYEES (EMPLOYEE_ID,FIRST_NAME,LAST_NAME,BIRTH_DATE,GENDER,PHONE,EMAIL,HIRE_DATE,STATUS,DEPARTMENT_ID,POSITION_ID) values (137,'Donna','Nelson','1996-10-09T00:00:00Z','Female','555-0137','donna.n@hotel.com','2023-02-15T00:00:00Z','Active',5,5);
Insert into SYSTEM.EMPLOYEES (EMPLOYEE_ID,FIRST_NAME,LAST_NAME,BIRTH_DATE,GENDER,PHONE,EMAIL,HIRE_DATE,STATUS,DEPARTMENT_ID,POSITION_ID) values (138,'Kevin','Carter','1984-11-21T00:00:00Z','Male','555-0138','kevin.c@hotel.com','2017-08-30T00:00:00Z','Active',5,5);
Insert into SYSTEM.EMPLOYEES (EMPLOYEE_ID,FIRST_NAME,LAST_NAME,BIRTH_DATE,GENDER,PHONE,EMAIL,HIRE_DATE,STATUS,DEPARTMENT_ID,POSITION_ID) values (139,'Carol','Mitchell','1991-03-03T00:00:00Z','Female','555-0139','carol.m@hotel.com','2020-05-12T00:00:00Z','On Leave',5,5);
Insert into SYSTEM.EMPLOYEES (EMPLOYEE_ID,FIRST_NAME,LAST_NAME,BIRTH_DATE,GENDER,PHONE,EMAIL,HIRE_DATE,STATUS,DEPARTMENT_ID,POSITION_ID) values (140,'Brian','Perez','1988-07-26T00:00:00Z','Male','555-0140','brian.p@hotel.com','2018-12-01T00:00:00Z','Active',5,5);
Insert into SYSTEM.EMPLOYEES (EMPLOYEE_ID,FIRST_NAME,LAST_NAME,BIRTH_DATE,GENDER,PHONE,EMAIL,HIRE_DATE,STATUS,DEPARTMENT_ID,POSITION_ID) values (101,'Alice','Smith','1992-05-14T00:00:00Z','Female','555-0101','alice.s@hotel.com','2020-03-01T00:00:00Z','Active',1,1);
Insert into SYSTEM.EMPLOYEES (EMPLOYEE_ID,FIRST_NAME,LAST_NAME,BIRTH_DATE,GENDER,PHONE,EMAIL,HIRE_DATE,STATUS,DEPARTMENT_ID,POSITION_ID) values (102,'Bob','Johnson','1988-11-20T00:00:00Z','Male','555-0102','bob.j@hotel.com','2019-06-15T00:00:00Z','Active',2,2);
Insert into SYSTEM.EMPLOYEES (EMPLOYEE_ID,FIRST_NAME,LAST_NAME,BIRTH_DATE,GENDER,PHONE,EMAIL,HIRE_DATE,STATUS,DEPARTMENT_ID,POSITION_ID) values (103,'Charlie','Davis','1995-02-10T00:00:00Z','Male','555-0103','charlie.d@hotel.com','2021-08-20T00:00:00Z','Active',3,3);
Insert into SYSTEM.EMPLOYEES (EMPLOYEE_ID,FIRST_NAME,LAST_NAME,BIRTH_DATE,GENDER,PHONE,EMAIL,HIRE_DATE,STATUS,DEPARTMENT_ID,POSITION_ID) values (104,'Diana','Miller','1985-09-30T00:00:00Z','Female','555-0104','diana.m@hotel.com','2018-01-10T00:00:00Z','Active',4,4);
Insert into SYSTEM.EMPLOYEES (EMPLOYEE_ID,FIRST_NAME,LAST_NAME,BIRTH_DATE,GENDER,PHONE,EMAIL,HIRE_DATE,STATUS,DEPARTMENT_ID,POSITION_ID) values (105,'Evan','Wilson','1990-12-05T00:00:00Z','Male','555-0105','evan.w@hotel.com','2022-11-01T00:00:00Z','Active',5,5);
REM INSERTING into SYSTEM.SALARY
SET DEFINE OFF;
Insert into SYSTEM.SALARY (SALARY_ID,EMPLOYEE_ID,SALARY_MONTH,SALARY_YEAR,BASE_SALARY,OT_PAY,NIGHT_PAY,SERVICE_CHARGE,DEDUCTION,NET_SALARY,PAYMENT_DATE) values ('SA01',101,10,2023,25000,0,0,3000,1250,26750,to_date('31-OCT-23','DD-MON-RR'));
Insert into SYSTEM.SALARY (SALARY_ID,EMPLOYEE_ID,SALARY_MONTH,SALARY_YEAR,BASE_SALARY,OT_PAY,NIGHT_PAY,SERVICE_CHARGE,DEDUCTION,NET_SALARY,PAYMENT_DATE) values ('SA02',105,10,2023,20000,1500,2000,3000,1000,25500,to_date('31-OCT-23','DD-MON-RR'));
REM INSERTING into SYSTEM.SHIFT
SET DEFINE OFF;
Insert into SYSTEM.SHIFT (SHIFT_ID,SHIFT_NAME,START_TIME,END_TIME,IS_NIGHT) values ('S01','Morning','6:00','14:00',0);
Insert into SYSTEM.SHIFT (SHIFT_ID,SHIFT_NAME,START_TIME,END_TIME,IS_NIGHT) values ('S02','Evening','14:01','22:00',0);
Insert into SYSTEM.SHIFT (SHIFT_ID,SHIFT_NAME,START_TIME,END_TIME,IS_NIGHT) values ('S03','Night','23:00','5:59',1);
REM INSERTING into SYSTEM.SALARYDETAIL
SET DEFINE OFF;
Insert into SYSTEM.SALARYDETAIL (DETAIL_ID,SALARY_ID,DETAIL_TYPE,AMOUNT) values ('D01','SA01','Tax Deduction',1250);
Insert into SYSTEM.SALARYDETAIL (DETAIL_ID,SALARY_ID,DETAIL_TYPE,AMOUNT) values ('D02','SA01','Service Charge Bonus',3000);
Insert into SYSTEM.SALARYDETAIL (DETAIL_ID,SALARY_ID,DETAIL_TYPE,AMOUNT) values ('D03','SA02','Night Shift Allowance',2000);
Insert into SYSTEM.SALARYDETAIL (DETAIL_ID,SALARY_ID,DETAIL_TYPE,AMOUNT) values ('D04','SA02','Overtime Pay',1500);
REM INSERTING into SYSTEM.POSTTION
SET DEFINE OFF;
Insert into SYSTEM.POSTTION (POSITION_ID,POSITION_NAME,MIN_SALARY,MAX_SALARY,SHIFT_TYPE) values ('P01','Receptionist',20000,35000,'Rotating');
Insert into SYSTEM.POSTTION (POSITION_ID,POSITION_NAME,MIN_SALARY,MAX_SALARY,SHIFT_TYPE) values ('P02','Room Attendant',15000,25000,'Day');
Insert into SYSTEM.POSTTION (POSITION_ID,POSITION_NAME,MIN_SALARY,MAX_SALARY,SHIFT_TYPE) values ('P03','Waiter',16000,28000,'Rotating');
Insert into SYSTEM.POSTTION (POSITION_ID,POSITION_NAME,MIN_SALARY,MAX_SALARY,SHIFT_TYPE) values ('P04','Technician',22000,40000,'Rotating');
Insert into SYSTEM.POSTTION (POSITION_ID,POSITION_NAME,MIN_SALARY,MAX_SALARY,SHIFT_TYPE) values ('P05','Security Guard',18000,30000,'Night');
